real_name,x1,x2
gen=2_member=51_pso,-1.00107,-0.0958918
gen=2_member=49_pso,-2.26918,0.436561
gen=2_member=47_pso,-0.290141,-0.234219
gen=2_member=44_pso,-1.66611,-0.145707
gen=1_member=17_pso,-2.58339,-0.234071
gen=1_member=31_pso,-1.97096,0.10404
gen=1_member=29_pso,-0.527545,0.540027
gen=0_training=15,-1.97096,-1.195
gen=2_member=68_pso,-2.40893,0.350545
gen=1_member=32_pso,-0.0251262,-0.413318
