real_name,obj1,obj2,obj1_sd,obj2_sd
gen=1_member=32_pso,-8.21886,2.41943,0.0541867,1.61893
gen=1_member=31_pso,-6.93967,-7.1943,0.0573493,1.51778
gen=1_member=29_pso,-8.14357,0.932925,0.0433019,0.900527
gen=1_member=17_pso,-6.08486,-7.79514,0.0754107,1.8224
gen=0_training=3,-7.83531,-1.95066,0,0
gen=0_training=15,-6.30661,-6.98287,0,0
gen=1_member=33_pso,-8.1483,4.34045,0.0469167,1.3527
