real_name,obj1,obj2,obj1_sd,obj2_sd
gen=7_member=190_pso,-5.45024,-6.28104,0.0572192,1.1168
gen=7_member=191_pso,-7.192,-6.12375,0.0509969,1.25822
gen=7_member=192_pso,-8.21768,3.4721,0.047457,1.30966
gen=7_member=193_pso,-7.26387,-6.94593,0.0422364,1.0501
gen=7_member=194_pso,-8.13108,3.75348,0.04862,1.35001
gen=7_member=195_pso,-7.15475,-5.74737,0.0524857,1.27671
gen=7_member=196_pso,-4.62789,-2.24892,0.0484617,0.71926
gen=7_member=197_pso,-6.84359,-5.9189,0.0390911,0.621144
gen=7_member=198_pso,-7.64175,-1.13361,0.0495176,1.33434
gen=7_member=199_pso,-7.38306,3.04966,0.0500745,1.40078
gen=7_member=200_pso,-5.36237,-5.91837,0.0591196,1.17155
gen=7_member=201_pso,-8.09768,3.90234,0.0465388,1.24537
gen=7_member=202_pso,-5.14268,-4.66554,0.075756,1.60547
gen=7_member=203_pso,-6.6071,-4.59852,0.0653065,1.60207
gen=7_member=204_pso,-7.27384,-2.11138,0.0464197,1.12925
gen=7_member=205_pso,-6.89091,3.604,0.0512876,1.04667
gen=7_member=206_pso,-6.50462,-8.44342,0.0540881,1.23292
gen=7_member=207_pso,-5.06527,-3.2934,0.0517288,1.29639
gen=7_member=208_pso,-7.82707,-4.08696,0.0439457,1.09771
gen=7_member=209_pso,-7.4359,-0.0662248,0.0462168,1.00787
gen=7_member=210_pso,-4.19251,3.73468,0.0787773,1.58789
gen=7_member=211_pso,-3.20748,16.1124,0.210957,2.61556
gen=7_member=212_pso,-7.134,-7.42744,0.0440504,1.0981
gen=7_member=213_pso,-5.59342,-6.71045,0.0521066,0.957928
gen=7_member=214_pso,-7.63274,-5.38506,0.0416206,0.999479
gen=7_member=215_pso,-7.56176,-3.88283,0.0460172,1.22432
gen=7_member=216_pso,-8.13252,0.822735,0.0429317,0.866192
gen=7_member=217_pso,-7.57176,-4.90508,0.0412644,0.769262
gen=7_member=218_pso,-5.92094,-7.10168,0.0809248,1.95753
gen=7_member=219_pso,-7.81201,-2.43916,0.0497199,1.39363
