real_name,x1,x2
gen=7_member=190_pso,-2.78679,-1.17415
gen=7_member=191_pso,-1.76715,0.284306
gen=7_member=192_pso,-0.0381778,0.531658
gen=7_member=193_pso,-1.59425,-0.377459
gen=7_member=194_pso,0.410236,-0.459965
gen=7_member=195_pso,-1.78956,0.394033
gen=7_member=196_pso,-3.80886,-0.352016
gen=7_member=197_pso,-1.57989,-1.05365
gen=7_member=198_pso,-0.794664,-0.902329
gen=7_member=199_pso,-0.7858,1.44084
gen=7_member=200_pso,-2.87169,-1.1748
gen=7_member=201_pso,0.570849,-0.372234
gen=7_member=202_pso,-3.33923,-0.127488
gen=7_member=203_pso,-2.15521,0.753825
gen=7_member=204_pso,-1.03288,-1.12847
gen=7_member=205_pso,1.91697,0.201358
gen=7_member=206_pso,-2.17177,-0.539103
gen=7_member=207_pso,-2.61031,-1.99788
gen=7_member=208_pso,-1.0934,-0.185151
gen=7_member=209_pso,-1.17229,1.12952
gen=7_member=210_pso,2.37418,3.69841
gen=7_member=211_pso,-5,-3.54395
gen=7_member=212_pso,-1.71601,-0.359659
gen=7_member=213_pso,-2.62998,-1.21004
gen=7_member=214_pso,-1.31957,-0.147473
gen=7_member=215_pso,-1.10796,-0.69724
gen=7_member=216_pso,-0.550815,0.547203
gen=7_member=217_pso,-1.42452,0.27546
gen=7_member=218_pso,-2.72949,-0.0705645
gen=7_member=219_pso,-0.873718,-0.58959
