real_name,x1,x2
gen=50_member=327_pso,-0.0489889,-0.0850022
gen=50_member=332_pso,0.0295235,0.00689669
gen=51_member=345_pso,-0.0707867,-0.0880007
gen=51_member=367_pso,-0.0322058,-0.0111679
gen=52_member=373_pso,0.531481,0.376044
gen=52_member=387_pso,0.146211,0.172323
gen=52_member=395_pso,0.300157,0.177266
gen=53_member=422_pso,-0.39606,-0.402084
gen=53_member=424_pso,0.0772755,0.0974065
