real_name,obj1,obj2,obj1_sd,obj2_sd
gen=50_member=327_pso,0.69854,0.559627,0,0
gen=50_member=332_pso,0.613032,0.65091,0,0
gen=51_member=345_pso,0.709838,0.545336,0,0
gen=51_member=367_pso,0.65441,0.609303,0,0
gen=52_member=373_pso,0.13103,0.933284,0,0
gen=52_member=387_pso,0.451516,0.777215,0,0
gen=52_member=395_pso,0.360033,0.834154,0,0
gen=53_member=422_pso,0.913471,0.172866,0,0
gen=53_member=424_pso,0.536256,0.717053,0,0
