real_name,x1,x2
gen=2_member=75_pso,-0.923038,-0.688766
gen=1_member=9_pso,0.842858,0.684634
gen=1_member=50_pso,-0.218783,0.0555193
gen=3_member=107_pso,-0.309631,-0.814726
gen=3_member=133_pso,0.0295088,0.672126
gen=3_member=108_pso,-0.1324,0.265388
gen=0_member=20,0.296843,0.678646
gen=0_member=6,0.0884752,-0.0285415
gen=3_member=127_pso,0.826257,0.474238
gen=2_member=90_pso,-0.961084,-0.572677
gen=2_member=58_pso,-0.586143,-0.951041
