real_name,obj1,obj2
gen=17_member=801_pso,0.0384605,0.964437
gen=17_member=802_pso,0.984739,0.00203967
gen=17_member=803_pso,0.910634,0.38094
gen=17_member=804_pso,0.0112403,0.985067
gen=17_member=805_pso,0.0245327,0.989709
gen=17_member=806_pso,0.926438,0.240909
gen=17_member=807_pso,0.632989,0.64042
gen=17_member=808_pso,0.955437,0.0640349
gen=17_member=809_pso,0.0348326,0.964988
gen=17_member=810_pso,0.750361,0.491722
gen=17_member=811_pso,0.885342,0.28749
gen=17_member=812_pso,0.962501,0.0347171
gen=17_member=813_pso,0.699882,0.563064
gen=17_member=814_pso,0.746046,0.599817
gen=17_member=815_pso,0.64975,0.615567
gen=17_member=816_pso,0.523744,0.99968
gen=17_member=817_pso,0.47046,0.94792
gen=17_member=818_pso,0.146499,0.925989
gen=17_member=819_pso,0.0277169,0.989215
gen=17_member=820_pso,0.873498,0.273708
gen=17_member=821_pso,0.916563,0.167446
gen=17_member=822_pso,0.728369,0.575755
gen=17_member=823_pso,0.91303,0.585954
gen=17_member=824_pso,0.927562,0.183022
gen=17_member=825_pso,0.116637,0.985317
gen=17_member=826_pso,0.735126,0.517148
gen=17_member=827_pso,0.967377,0.0586027
gen=17_member=828_pso,0.209567,0.948529
gen=17_member=829_pso,0.298794,0.873213
gen=17_member=830_pso,0.653706,0.610715
gen=17_member=831_pso,0.957336,0.0504348
gen=17_member=832_pso,0.809733,0.536146
gen=17_member=833_pso,0.800236,0.584145
gen=17_member=834_pso,0.969692,0.0220557
gen=17_member=835_pso,0.763725,0.519522
gen=17_member=836_pso,0.200107,0.934196
gen=17_member=837_pso,0.202316,0.91978
gen=17_member=838_pso,0.0324336,0.983496
gen=17_member=839_pso,0.303861,0.993557
gen=17_member=840_pso,0.322324,0.859658
gen=17_member=841_pso,0.686771,0.606377
gen=17_member=842_pso,0.261734,0.981329
gen=17_member=843_pso,0.791266,0.4315
gen=17_member=844_pso,0.774139,0.611308
gen=17_member=845_pso,0.903328,0.380372
gen=17_member=846_pso,0.990437,0.0344937
gen=17_member=847_pso,0.0652454,0.952305
gen=17_member=848_pso,0.513352,0.73893
gen=17_member=849_pso,0.82345,0.496254
gen=17_member=850_pso,0.589157,0.724701
