real_name,x1,x2
gen=4_member=151_pso,0.307367,2.47553
gen=4_member=152_pso,0.838607,-0.509595
gen=4_member=153_pso,-1.20688,1.08005
gen=4_member=154_pso,-0.0164097,0.619066
gen=4_member=155_pso,0.252099,0.244479
gen=4_member=156_pso,-0.759743,-1.18204
gen=4_member=157_pso,-3.19211,0.266036
gen=4_member=158_pso,-1.42906,0.919375
gen=4_member=159_pso,0.152326,-0.0351781
gen=4_member=160_pso,0.102953,1.19955
gen=4_member=161_pso,0.120718,0.0794689
gen=4_member=162_pso,-0.232016,1.56988
gen=4_member=163_pso,1.34702,1.48754
gen=4_member=164_pso,0.138738,-0.478135
gen=4_member=165_pso,-0.214586,-2.40423
gen=4_member=166_pso,0.0939031,0.520055
gen=4_member=167_pso,-0.440911,-2.20682
gen=4_member=168_pso,1.16092,0.300373
gen=4_member=169_pso,-0.252526,0.836851
gen=4_member=170_pso,1.76621,2.57614
gen=4_member=171_pso,-2.28271,1.85431
gen=4_member=172_pso,-2.05746,-0.551958
gen=4_member=173_pso,-1.54614,1.80455
gen=4_member=174_pso,2.31584,0.576737
gen=4_member=175_pso,-0.590393,1.07138
gen=4_member=176_pso,-2.66347,2.7737
gen=4_member=177_pso,0.821428,0.677614
gen=4_member=178_pso,0.228699,-0.886923
gen=4_member=179_pso,-0.286057,-2.07573
gen=4_member=180_pso,1.20478,2.05258
gen=4_member=181_pso,-1.42067,2.7686
gen=4_member=182_pso,-0.868936,-0.192318
gen=4_member=183_pso,0.275673,0.637926
gen=4_member=184_pso,0.915992,1.32823
gen=4_member=185_pso,-2.25893,-2.54663
gen=4_member=186_pso,1.2838,-2.07333
gen=4_member=187_pso,-1.75655,-0.967924
gen=4_member=188_pso,-1.20074,1.28861
gen=4_member=189_pso,2.80527,0.597834
gen=4_member=190_pso,0.99464,-0.115301
gen=4_member=191_pso,1.83989,-3.11043
gen=4_member=192_pso,-1.69226,-1.01995
gen=4_member=193_pso,-1.08139,1.14012
gen=4_member=194_pso,1.36626,1.07799
gen=4_member=195_pso,-1.99645,1.0327
gen=4_member=196_pso,-2.79429,-0.997865
gen=4_member=197_pso,1.22958,-0.763228
gen=4_member=198_pso,-2.14981,0.950117
gen=4_member=199_pso,-1.17352,-1.82943
gen=4_member=200_pso,1.49568,1.77998
