real_name,obj1,obj2
gen=4_member=151_pso,0.962639,0.999986
gen=4_member=152_pso,0.776346,0.911808
gen=4_member=153_pso,0.977683,0.968053
gen=4_member=154_pso,0.412117,0.893093
gen=4_member=155_pso,0.343647,0.838878
gen=4_member=156_pso,0.996722,0.20414
gen=4_member=157_pso,1,0.999193
gen=4_member=158_pso,0.990031,0.957856
gen=4_member=159_pso,0.576317,0.695813
gen=4_member=160_pso,0.455291,0.986316
gen=4_member=161_pso,0.521826,0.728555
gen=4_member=162_pso,0.803351,0.99553
gen=4_member=163_pso,0.638885,0.999881
gen=4_member=164_pso,0.822332,0.536005
gen=4_member=165_pso,0.999973,0.955966
gen=4_member=166_pso,0.337018,0.883229
gen=4_member=167_pso,0.999945,0.901727
gen=4_member=168_pso,0.310219,0.988941
gen=4_member=169_pso,0.608484,0.925014
gen=4_member=170_pso,0.990098,1
gen=4_member=171_pso,0.999965,0.999882
gen=4_member=172_pso,0.999902,0.842375
gen=4_member=173_pso,0.998129,0.999099
gen=4_member=174_pso,0.926098,0.999979
gen=4_member=175_pso,0.837358,0.958275
gen=4_member=176_pso,1,1
gen=4_member=177_pso,0.0138425,0.985791
gen=4_member=178_pso,0.937326,0.596696
gen=4_member=179_pso,0.999838,0.871318
gen=4_member=180_pso,0.872288,0.999987
gen=4_member=181_pso,0.999846,0.999997
gen=4_member=182_pso,0.962853,0.252631
gen=4_member=183_pso,0.173802,0.937649
gen=4_member=184_pso,0.349114,0.99886
gen=4_member=185_pso,1,0.996948
gen=4_member=186_pso,0.999685,0.997063
gen=4_member=187_pso,0.99986,0.689436
gen=4_member=188_pso,0.981278,0.985397
gen=4_member=189_pso,0.987896,0.999999
gen=4_member=190_pso,0.53188,0.961077
gen=4_member=191_pso,1,0.999995
gen=4_member=192_pso,0.99984,0.656442
gen=4_member=193_pso,0.966164,0.971343
gen=4_member=194_pso,0.435629,0.999439
gen=4_member=195_pso,0.999398,0.990807
gen=4_member=196_pso,1,0.988214
gen=4_member=197_pso,0.91239,0.976574
gen=4_member=198_pso,0.999731,0.991996
gen=4_member=199_pso,0.999953,0.771711
gen=4_member=200_pso,0.830162,0.999984
