real_name,obj1,obj2
gen=3_member=67_pso,0.0361906,0.990492
gen=1_member=4_pso,0.983729,0.0103054
gen=3_member=66_pso,0.661704,0.607472
gen=3_member=60_pso,0.283311,0.872186
gen=1_member=24_pso,0.921558,0.176606
gen=1_member=5_pso,0.126594,0.937091
gen=1_member=26_pso,0.961971,0.0383642
gen=1_member=11_pso,0.949118,0.165331
gen=0_member=14,0.0917051,0.945889
