real_name,obj1,obj2
gen=5_member=201_pso,0.94926,0.251371
gen=5_member=202_pso,0.313615,0.884785
gen=5_member=203_pso,0.843472,0.382695
gen=5_member=204_pso,0.90188,0.731896
gen=5_member=205_pso,0.0260633,0.981853
gen=5_member=206_pso,0.949201,0.881442
gen=5_member=207_pso,0.989958,0.0848525
gen=5_member=208_pso,0.975561,0.701693
gen=5_member=209_pso,0.748415,0.849427
gen=5_member=210_pso,0.311558,0.916754
gen=5_member=211_pso,0.781532,0.761995
gen=5_member=212_pso,0.950972,0.742037
gen=5_member=213_pso,0.998543,0.802871
gen=5_member=214_pso,0.484656,0.918277
gen=5_member=215_pso,0.9941,0.88736
gen=5_member=216_pso,0.936997,0.163508
gen=5_member=217_pso,0.998218,0.807862
gen=5_member=218_pso,0.986477,1
gen=5_member=219_pso,0.909774,0.229468
gen=5_member=220_pso,0.985197,0.0151065
gen=5_member=221_pso,0.993963,0.368873
gen=5_member=222_pso,0.999759,0.941022
gen=5_member=223_pso,0.799683,0.42689
gen=5_member=224_pso,0.996219,1
gen=5_member=225_pso,0.915156,0.999973
gen=5_member=226_pso,0.998468,0.999912
gen=5_member=227_pso,0.999997,0.999999
gen=5_member=228_pso,0.745196,0.999943
gen=5_member=229_pso,0.954673,0.0823881
gen=5_member=230_pso,0.601479,0.840838
gen=5_member=231_pso,0.862857,0.99658
gen=5_member=232_pso,0.998264,0.481132
gen=5_member=233_pso,0.999897,0.966509
gen=5_member=234_pso,0.789322,0.77018
gen=5_member=235_pso,0.986691,0.209181
gen=5_member=236_pso,0.699743,0.995836
gen=5_member=237_pso,0.44399,0.950367
gen=5_member=238_pso,0.997905,0.992549
gen=5_member=239_pso,0.997192,0.175646
gen=5_member=240_pso,0.999935,0.999835
gen=5_member=241_pso,0.945311,0.812618
gen=5_member=242_pso,0.997638,0.196954
gen=5_member=243_pso,0.980712,0.997693
gen=5_member=244_pso,0.993595,0.0882915
gen=5_member=245_pso,0.991371,0.805559
gen=5_member=246_pso,0.827545,0.620858
gen=5_member=247_pso,0.878082,0.999991
gen=5_member=248_pso,0.997475,0.999837
gen=5_member=249_pso,0.999749,0.86623
gen=5_member=250_pso,0.995546,0.205097
