real_name,obj1,obj2
gen=0_member=19,0.994458,0.102174
gen=0_member=14,0.0917051,0.945889
gen=0_member=18,0.816078,0.841985
