real_name,obj1,obj2
gen=5_member=120_pso,0.940732,0.991276
gen=5_member=121_pso,0.840387,0.997994
gen=5_member=122_pso,0.0618465,0.977751
gen=5_member=123_pso,0.969825,0.126983
gen=5_member=124_pso,0.496714,0.784089
gen=5_member=125_pso,0.632103,0.654297
gen=5_member=126_pso,0.867436,0.999925
gen=5_member=127_pso,0.901758,0.999995
gen=5_member=128_pso,0.96754,0.907123
gen=5_member=129_pso,0.999999,0.997596
gen=5_member=130_pso,0.976175,0.997084
gen=5_member=131_pso,0.683733,0.999914
gen=5_member=132_pso,0.985758,0.0894397
gen=5_member=133_pso,1,0.965859
gen=5_member=134_pso,0.929182,0.999998
gen=5_member=135_pso,0.996898,0.957726
gen=5_member=136_pso,0.500247,0.987236
gen=5_member=137_pso,0.587672,0.998107
gen=5_member=138_pso,0.790626,0.999965
gen=5_member=139_pso,0.243549,0.917214
gen=5_member=140_pso,0.801008,0.861595
gen=5_member=141_pso,0.870833,0.989337
gen=5_member=142_pso,0.999731,0.999836
gen=5_member=143_pso,1,0.999994
gen=5_member=144_pso,0.98115,0.113729
gen=5_member=145_pso,0.824004,0.372457
gen=5_member=146_pso,1,1
gen=5_member=147_pso,0.995486,0.999999
gen=5_member=148_pso,1,0.994416
gen=5_member=149_pso,0.994223,0.999736
