real_name,x1,x2
gen=8_member=210_pso,0.873956,0.75882
gen=8_member=211_pso,0.0601368,-0.202519
gen=8_member=212_pso,0.18528,0.544723
gen=8_member=213_pso,0.272015,0.0316897
gen=8_member=214_pso,0.235889,1.05966
gen=8_member=215_pso,-0.304894,0.0522736
gen=8_member=216_pso,0.0304325,-0.360393
gen=8_member=217_pso,-0.372451,0.351614
gen=8_member=218_pso,-0.498333,-0.056521
gen=8_member=219_pso,-0.898937,0.758606
gen=8_member=220_pso,-1.73884,-0.495419
gen=8_member=221_pso,1.73532,-0.0384148
gen=8_member=222_pso,-0.422817,1.36056
gen=8_member=223_pso,1.05886,1.13771
gen=8_member=224_pso,0.354439,0.243988
gen=8_member=225_pso,-2.95923,-0.551515
gen=8_member=226_pso,-0.189745,0.404416
gen=8_member=227_pso,0.625074,0.44114
gen=8_member=228_pso,-1.29391,-1.70357
gen=8_member=229_pso,-0.582077,0.63024
gen=8_member=230_pso,-0.10651,-1.2699
gen=8_member=231_pso,-0.864991,1.94531
gen=8_member=232_pso,-0.783422,-0.525848
gen=8_member=233_pso,-0.428459,0.800659
gen=8_member=234_pso,-1.68858,-0.926862
gen=8_member=235_pso,0.816695,0.123066
gen=8_member=236_pso,0.0195883,0.511786
gen=8_member=237_pso,-0.362388,-2.43511
gen=8_member=238_pso,-0.840426,1.168
gen=8_member=239_pso,-0.495622,0.653546
