real_name,obj1,obj2
gen=1_member=9_pso,0.0187554,0.986955
gen=1_member=44_pso,0.99881,0.33114
gen=0_member=6,0.603026,0.664925
gen=0_member=20,0.155598,0.946508
gen=1_member=50_pso,0.722473,0.559594
gen=0_member=26,0.997754,0.461362
