real_name,obj1,obj2
gen=8_member=210_pso,0.0300522,0.990426
gen=8_member=211_pso,0.712344,0.5697
gen=8_member=212_pso,0.258197,0.905903
gen=8_member=213_pso,0.475596,0.777872
gen=8_member=214_pso,0.292726,0.981879
gen=8_member=215_pso,0.766121,0.522138
gen=8_member=216_pso,0.797587,0.485302
gen=8_member=217_pso,0.72523,0.708549
gen=8_member=218_pso,0.869478,0.373025
gen=8_member=219_pso,0.924379,0.887535
gen=8_member=220_pso,0.999406,0.670206
gen=8_member=221_pso,0.800717,0.998359
gen=8_member=222_pso,0.817996,0.987171
gen=8_member=223_pso,0.265931,0.998529
gen=8_member=224_pso,0.287413,0.868856
gen=8_member=225_pso,1,0.993881
gen=8_member=226_pso,0.591786,0.777571
gen=8_member=227_pso,0.074543,0.954642
gen=8_member=228_pso,0.999945,0.737443
gen=8_member=229_pso,0.811358,0.835382
gen=8_member=230_pso,0.989648,0.492092
gen=8_member=231_pso,0.981769,0.999141
gen=8_member=232_pso,0.97629,0.0379403
gen=8_member=233_pso,0.726994,0.904726
gen=8_member=234_pso,0.999777,0.636356
gen=8_member=235_pso,0.297502,0.950765
gen=8_member=236_pso,0.400004,0.866518
gen=8_member=237_pso,0.999984,0.955167
gen=8_member=238_pso,0.926266,0.970807
gen=8_member=239_pso,0.765295,0.849847
