real_name,obj1,obj2
gen=16_member=751_pso,0.0263906,0.965718
gen=16_member=752_pso,0.993565,0.0606447
gen=16_member=753_pso,0.579311,0.697541
gen=16_member=754_pso,0.0528058,0.988045
gen=16_member=755_pso,0.634618,0.651846
gen=16_member=756_pso,0.0407736,0.977882
gen=16_member=757_pso,0.992547,0.134304
gen=16_member=758_pso,0.838732,0.350306
gen=16_member=759_pso,0.513585,0.754304
gen=16_member=760_pso,0.0420518,0.960072
gen=16_member=761_pso,0.0591933,0.993546
gen=16_member=762_pso,0.945934,0.111733
gen=16_member=763_pso,0.170601,0.980316
gen=16_member=764_pso,0.980564,0.000352501
gen=16_member=765_pso,0.620355,0.644619
gen=16_member=766_pso,0.886934,0.314138
gen=16_member=767_pso,0.934359,0.284579
gen=16_member=768_pso,0.99296,0.049962
gen=16_member=769_pso,0.322246,0.997563
gen=16_member=770_pso,0.175831,0.993539
gen=16_member=771_pso,0.83759,0.537745
gen=16_member=772_pso,0.104032,0.985549
gen=16_member=773_pso,0.819311,0.999982
gen=16_member=774_pso,0.765947,0.499411
gen=16_member=775_pso,0.921914,0.236169
gen=16_member=776_pso,0.206435,0.98727
gen=16_member=777_pso,0.967458,0.0229127
gen=16_member=778_pso,0.839304,0.381061
gen=16_member=779_pso,0.756678,0.488617
gen=16_member=780_pso,0.0562261,0.984622
gen=16_member=781_pso,0.130891,0.940889
gen=16_member=782_pso,0.847516,0.434969
gen=16_member=783_pso,0.190716,0.947473
gen=16_member=784_pso,0.842265,0.340156
gen=16_member=785_pso,0.514252,0.739382
gen=16_member=786_pso,0.360631,0.830516
gen=16_member=787_pso,0.0178055,0.975633
gen=16_member=788_pso,0.12807,0.930953
gen=16_member=789_pso,0.905319,0.380724
gen=16_member=790_pso,0.387543,0.869436
gen=16_member=791_pso,0.00221108,0.980706
gen=16_member=792_pso,0.106981,0.995476
gen=16_member=793_pso,0.536493,0.771242
gen=16_member=794_pso,0.112816,0.936874
gen=16_member=795_pso,0.688089,0.575213
gen=16_member=796_pso,0.344605,0.841293
gen=16_member=797_pso,0.67426,0.640734
gen=16_member=798_pso,0.229911,0.891058
gen=16_member=799_pso,0.271098,0.99347
gen=16_member=800_pso,0.17855,0.959855
