real_name,obj1,obj2
gen=16_member=450_pso,0.170701,0.947162
gen=16_member=451_pso,0.526789,0.999727
gen=16_member=452_pso,0.890937,0.271967
gen=16_member=453_pso,0.973814,0.0870083
gen=16_member=454_pso,0.769528,0.730058
gen=16_member=455_pso,0.590811,0.726035
gen=16_member=456_pso,0.248827,0.942757
gen=16_member=457_pso,0.622074,0.874933
gen=16_member=458_pso,0.919161,0.412471
gen=16_member=459_pso,0.721792,0.530142
gen=16_member=460_pso,0.101675,0.942225
gen=16_member=461_pso,0.15277,0.955092
gen=16_member=462_pso,0.934296,0.120335
gen=16_member=463_pso,0.701123,0.704198
gen=16_member=464_pso,0.88155,0.256399
gen=16_member=465_pso,0.94644,0.452065
gen=16_member=466_pso,0.461542,0.824458
gen=16_member=467_pso,0.403602,0.807207
gen=16_member=468_pso,0.84542,0.529021
gen=16_member=469_pso,0.659945,0.603207
gen=16_member=470_pso,0.999965,0.997993
gen=16_member=471_pso,0.994644,0.0836342
gen=16_member=472_pso,0.892104,0.301152
gen=16_member=473_pso,0.242132,0.948804
gen=16_member=474_pso,0.893531,0.707837
gen=16_member=475_pso,0.667704,0.608279
gen=16_member=476_pso,0.999504,0.521995
gen=16_member=477_pso,0.517315,0.999701
gen=16_member=478_pso,0.905026,0.345488
gen=16_member=479_pso,0.994979,0.206034
