real_name,x1,x2
gen=1_member=9_pso,0.842858,0.684634
gen=1_member=44_pso,-0.942633,-1.29593
gen=0_member=6,0.0884752,-0.0285415
gen=0_member=20,0.296843,0.678646
gen=1_member=50_pso,-0.218783,0.0555193
gen=0_member=26,-1.45955,-0.477893
