real_name,obj1,obj2
gen=7_member=180_pso,0.999921,0.764444
gen=7_member=181_pso,0.55744,0.776252
gen=7_member=182_pso,0.911832,0.913595
gen=7_member=183_pso,0.452024,0.856306
gen=7_member=184_pso,0.185497,0.974309
gen=7_member=185_pso,0.533505,0.881634
gen=7_member=186_pso,0.592406,0.97133
gen=7_member=187_pso,0.891857,0.329834
gen=7_member=188_pso,0.956636,0.192468
gen=7_member=189_pso,0.671668,0.964298
gen=7_member=190_pso,0.93547,0.999994
gen=7_member=191_pso,0.957261,0.999973
gen=7_member=192_pso,0.997714,1
gen=7_member=193_pso,0.999998,0.996343
gen=7_member=194_pso,0.558347,0.770415
gen=7_member=195_pso,0.933593,0.321644
gen=7_member=196_pso,0.935931,0.99987
gen=7_member=197_pso,0.979688,0.0326973
gen=7_member=198_pso,0.999988,0.844453
gen=7_member=199_pso,0.379816,0.868299
gen=7_member=200_pso,0.999998,0.940736
gen=7_member=201_pso,0.989402,0.132228
gen=7_member=202_pso,0.235622,0.996826
gen=7_member=203_pso,0.984199,0.468034
gen=7_member=204_pso,0.704435,0.804327
gen=7_member=205_pso,0.972404,0.250972
gen=7_member=206_pso,0.837603,0.99921
gen=7_member=207_pso,0.252748,0.997692
gen=7_member=208_pso,0.0335477,0.991137
gen=7_member=209_pso,0.987442,0.0296864
