real_name,obj1,obj2
gen=11_member=501_pso,0.0208321,0.984074
gen=11_member=502_pso,0.992681,0.0469788
gen=11_member=503_pso,0.99492,0.104108
gen=11_member=504_pso,0.87787,0.348223
gen=11_member=505_pso,0.978322,0.00181529
gen=11_member=506_pso,0.813767,0.92645
gen=11_member=507_pso,0.402145,0.86499
gen=11_member=508_pso,0.99403,0.0795823
gen=11_member=509_pso,0.840543,0.496024
gen=11_member=510_pso,0.456404,0.784425
gen=11_member=511_pso,0.184625,0.931219
gen=11_member=512_pso,0.735747,0.998787
gen=11_member=513_pso,0.236004,0.997717
gen=11_member=514_pso,0.269663,0.995955
gen=11_member=515_pso,0.201343,0.911655
gen=11_member=516_pso,0.647941,0.784531
gen=11_member=517_pso,0.51083,0.736706
gen=11_member=518_pso,0.0659287,0.959713
gen=11_member=519_pso,0.257401,0.886015
gen=11_member=520_pso,0.510734,0.739717
gen=11_member=521_pso,0.788343,0.482773
gen=11_member=522_pso,0.521173,0.734543
gen=11_member=523_pso,0.476244,0.793987
gen=11_member=524_pso,0.44701,0.976928
gen=11_member=525_pso,0.475284,0.774661
gen=11_member=526_pso,0.5296,0.969274
gen=11_member=527_pso,0.464849,0.768984
gen=11_member=528_pso,0.251748,0.890444
gen=11_member=529_pso,0.396768,0.830796
gen=11_member=530_pso,0.867708,0.368905
gen=11_member=531_pso,0.87802,0.80681
gen=11_member=532_pso,0.79655,0.673103
gen=11_member=533_pso,0.972138,0.0473111
gen=11_member=534_pso,0.794791,0.523711
gen=11_member=535_pso,0.975847,0.811548
gen=11_member=536_pso,0.119402,0.934772
gen=11_member=537_pso,0.62526,0.639637
gen=11_member=538_pso,0.903084,0.410769
gen=11_member=539_pso,0.0538241,0.959701
gen=11_member=540_pso,0.868328,0.293069
gen=11_member=541_pso,0.888459,0.907812
gen=11_member=542_pso,0.829149,0.453132
gen=11_member=543_pso,0.241341,0.941705
gen=11_member=544_pso,0.0553717,0.992063
gen=11_member=545_pso,0.520319,0.822266
gen=11_member=546_pso,0.891665,0.276906
gen=11_member=547_pso,0.990736,0.151251
gen=11_member=548_pso,0.876903,0.268141
gen=11_member=549_pso,0.984283,0.0146834
gen=11_member=550_pso,0.967356,0.170576
