real_name,obj1,obj2
gen=3_member=101_pso,0.667166,0.997568
gen=3_member=102_pso,0.805366,0.596087
gen=3_member=103_pso,0.995237,0.580387
gen=3_member=104_pso,0.987777,0.945058
gen=3_member=105_pso,0.999949,0.938294
gen=3_member=106_pso,0.995163,0.926869
gen=3_member=107_pso,0.964906,0.155972
gen=3_member=108_pso,0.593385,0.720858
gen=3_member=109_pso,0.687925,0.999146
gen=3_member=110_pso,0.944708,0.999856
gen=3_member=111_pso,0.990731,0.828773
gen=3_member=112_pso,0.999751,0.733063
gen=3_member=113_pso,0.453419,0.997876
gen=3_member=114_pso,1,1
gen=3_member=115_pso,1,0.999901
gen=3_member=116_pso,0.999998,0.933353
gen=3_member=117_pso,0.995721,0.99934
gen=3_member=118_pso,0.555072,0.999777
gen=3_member=119_pso,0.980731,0.999743
gen=3_member=120_pso,0.999991,0.999999
gen=3_member=121_pso,0.939437,0.607294
gen=3_member=122_pso,0.960824,0.999687
gen=3_member=123_pso,1,1
gen=3_member=124_pso,0.999874,0.999462
gen=3_member=125_pso,0.998072,0.407475
gen=3_member=126_pso,0.880896,0.998667
gen=3_member=127_pso,0.0661361,0.976406
gen=3_member=128_pso,0.982856,1
gen=3_member=129_pso,0.852364,0.863799
gen=3_member=130_pso,0.999993,0.99474
gen=3_member=131_pso,0.374755,0.924799
gen=3_member=132_pso,0.967524,0.979455
gen=3_member=133_pso,0.368945,0.913264
gen=3_member=134_pso,0.327111,0.998467
gen=3_member=135_pso,0.997958,0.995738
gen=3_member=136_pso,1,0.986505
gen=3_member=137_pso,1,0.996731
gen=3_member=138_pso,0.999894,1
gen=3_member=139_pso,0.981764,0.999913
gen=3_member=140_pso,0.604027,0.926093
gen=3_member=141_pso,0.999998,0.933874
gen=3_member=142_pso,0.843524,0.999975
gen=3_member=143_pso,0.970178,1
gen=3_member=144_pso,0.999287,0.999853
gen=3_member=145_pso,0.980515,0.999994
gen=3_member=146_pso,0.999928,0.869644
gen=3_member=147_pso,0.870287,0.999971
gen=3_member=148_pso,0.71398,0.999787
gen=3_member=149_pso,0.64609,0.927295
gen=3_member=150_pso,0.999437,0.865174
