real_name,x1,x2
gen=1_member=4_pso,-0.79559,-0.656811
gen=0_member=14,0.430634,0.566576
gen=1_member=2_pso,-0.744705,0.297985
gen=2_member=30_pso,0.786366,-0.131193
gen=1_member=24_pso,-0.526037,-0.305193
gen=0_member=18,0.646401,-0.592724
gen=1_member=5_pso,0.36973,0.560369
gen=2_member=37_pso,-0.398162,0.799568
gen=1_member=26_pso,-0.603377,-0.538704
gen=1_member=11_pso,-0.281995,-0.70708
