real_name,obj1,obj2
gen=9_member=401_pso,0.998278,0.26113
gen=9_member=402_pso,0.991543,0.445981
gen=9_member=403_pso,0.988833,0.316043
gen=9_member=404_pso,0.0113241,0.972254
gen=9_member=405_pso,0.109159,0.944498
gen=9_member=406_pso,0.59775,0.735122
gen=9_member=407_pso,0.921025,0.403221
gen=9_member=408_pso,0.729246,0.675014
gen=9_member=409_pso,0.795482,0.425727
gen=9_member=410_pso,0.975784,0.37128
gen=9_member=411_pso,0.997715,0.526749
gen=9_member=412_pso,0.988484,0.129358
gen=9_member=413_pso,0.939832,0.201106
gen=9_member=414_pso,0.999417,0.80459
gen=9_member=415_pso,0.962254,0.550178
gen=9_member=416_pso,0.733488,0.543978
gen=9_member=417_pso,0.403063,0.962228
gen=9_member=418_pso,0.249796,0.979599
gen=9_member=419_pso,0.349142,0.83752
gen=9_member=420_pso,0.521666,0.923683
gen=9_member=421_pso,0.257637,0.901459
gen=9_member=422_pso,0.993647,0.0957598
gen=9_member=423_pso,0.157531,0.993508
gen=9_member=424_pso,0.591944,0.671256
gen=9_member=425_pso,0.984077,0.997315
gen=9_member=426_pso,0.239181,0.99808
gen=9_member=427_pso,0.682545,0.999491
gen=9_member=428_pso,0.0902391,0.993751
gen=9_member=429_pso,0.909015,0.677074
gen=9_member=430_pso,0.768683,0.697984
gen=9_member=431_pso,0.991328,0.399821
gen=9_member=432_pso,0.107631,0.937567
gen=9_member=433_pso,0.0429709,0.9697
gen=9_member=434_pso,0.693286,0.763768
gen=9_member=435_pso,0.431255,0.922831
gen=9_member=436_pso,0.968856,0.232557
gen=9_member=437_pso,0.5248,0.862759
gen=9_member=438_pso,0.968808,0.276838
gen=9_member=439_pso,0.832287,0.999985
gen=9_member=440_pso,0.992414,0.239954
gen=9_member=441_pso,0.152628,0.983926
gen=9_member=442_pso,0.836651,0.353434
gen=9_member=443_pso,0.559014,0.980288
gen=9_member=444_pso,0.680838,0.654295
gen=9_member=445_pso,0.885639,0.251477
gen=9_member=446_pso,0.99694,0.943485
gen=9_member=447_pso,0.798587,0.509426
gen=9_member=448_pso,0.944514,0.272415
gen=9_member=449_pso,0.792974,0.737057
gen=9_member=450_pso,0.367309,0.889296
