real_name,x1,x2
gen=0_member=19,-0.769303,-1.02946
gen=0_member=14,0.430634,0.566576
gen=0_member=18,0.646401,-0.592724
