real_name,x1,x2
gen=2_member=75_pso,-0.923038,-0.688766
gen=1_member=9_pso,0.842858,0.684634
gen=1_member=50_pso,-0.218783,0.0555193
gen=0_member=6,0.0884752,-0.0285415
gen=0_member=20,0.296843,0.678646
gen=2_member=90_pso,-0.961084,-0.572677
gen=2_member=58_pso,-0.586143,-0.951041
