real_name,obj1,obj2,obj1_sd,obj2_sd
gen=25_member=129_pso,-5.57801,3.57407,0.0370181,3.07665
gen=25_member=130_pso,-8.18302,-3.522,0.162792,3.41841
gen=25_member=131_pso,-6.04326,-7.26631,0.0641418,4.71247
gen=25_member=132_pso,-8.4974,0.0266179,0.03315,2.88295
gen=25_member=133_pso,-5.74068,1.44836,0.216898,4.51199
gen=25_member=134_pso,-5.04195,1.23232,0.24669,4.39052
gen=25_member=135_pso,-7.2462,-0.508382,0.0745634,3.04422
gen=25_member=136_pso,-3.89779,5.3714,0.0528057,4.05356
gen=25_member=137_pso,-6.4836,3.89655,0.781116,3.3876
gen=25_member=138_pso,-6.5713,-4.17786,0.0454568,3.75799
gen=25_member=139_pso,-7.84548,0.026709,0.0324283,2.21224
gen=25_member=140_pso,-6.33619,2.84229,0.0320194,3.05609
gen=25_member=141_pso,-7.70597,0.36786,0.032823,3.14776
gen=25_member=142_pso,-5.61086,1.68803,0.241958,4.56916
gen=25_member=143_pso,-4.78626,1.19917,0.236716,4.34921
gen=25_member=144_pso,-7.2703,4.48517,0.180554,3.31241
gen=25_member=145_pso,-4.53068,2.92319,0.0680218,4.13196
gen=25_member=146_pso,-8.89844,4.59443,0.161053,3.15505
gen=25_member=147_pso,-5.20401,7.06662,0.827724,3.41879
gen=25_member=148_pso,-9.08067,-0.403974,0.0330227,2.99163
gen=25_member=149_pso,-7.88006,-2.352,0.0455191,3.5841
gen=25_member=150_pso,-4.8425,-3.93405,0.079878,5.21886
gen=25_member=151_pso,-8.16217,2.45548,0.363754,3.33422
gen=25_member=152_pso,-5.52405,-1.2246,0.0756298,4.28939
gen=25_member=153_pso,-9.79251,1.37721,0.145707,3.05036
gen=25_member=154_pso,-9.54649,0.570336,0.0949088,2.72431
gen=25_member=155_pso,-7.10077,5.98091,0.546888,3.87835
gen=25_member=156_pso,-4.84616,4.42614,0.517238,3.17725
gen=25_member=157_pso,-6.09287,-10.2039,0.0828861,5.35604
gen=25_member=158_pso,-8.57319,3.72769,0.555528,3.79226
