real_name,obj1,obj2,obj1_sd,obj2_sd
gen=29_member=249_pso,-5.79326,3.85937,0.0348032,3.0334
gen=29_member=250_pso,-7.25091,1.76581,0.0325127,2.43036
gen=29_member=251_pso,-5.30721,9.19192,0.612782,2.73088
gen=29_member=252_pso,-8.8849,5.69206,0.353741,3.62026
gen=29_member=253_pso,-5.01135,1.63917,0.0718565,4.07302
gen=29_member=254_pso,-10.0047,2.81871,0.120561,3.50352
gen=29_member=255_pso,-5.51377,-17.574,0.315384,10.7058
gen=29_member=256_pso,-7.88387,-2.43881,0.0472073,3.6403
gen=29_member=257_pso,-6.46947,-1.50303,0.0360794,3.03516
gen=29_member=258_pso,-8.67163,-1.52871,0.0471463,3.21419
gen=29_member=259_pso,-5.57344,-25.222,0.281404,11.0414
gen=29_member=260_pso,-7.88072,-0.818611,0.0335821,2.89924
gen=29_member=261_pso,-6.88053,3.25215,0.0343433,1.93879
gen=29_member=262_pso,-7.72002,-3.70165,0.0868502,4.73223
gen=29_member=263_pso,-5.65434,-8.79466,0.161013,7.31621
gen=29_member=264_pso,-5.97805,5.84698,0.559642,3.37511
gen=29_member=265_pso,-9.73848,1.14002,0.14371,3.04268
gen=29_member=266_pso,-7.34979,-4.55492,0.139956,5.5866
gen=29_member=267_pso,-7.68613,0.564854,0.0324071,3.1431
gen=29_member=268_pso,-6.56519,3.70823,0.261741,4.03942
gen=29_member=269_pso,-9.69772,-0.399051,0.0760397,2.68607
gen=29_member=270_pso,-7.92064,-1.32716,0.0357383,3.08956
gen=29_member=271_pso,-9.60694,2.08028,0.123493,3.08652
gen=29_member=272_pso,-6.49191,-2.26813,0.103745,4.72443
gen=29_member=273_pso,-6.28221,6.4202,0.588194,2.77784
gen=29_member=274_pso,-7.77873,1.41313,0.229332,2.31144
gen=29_member=275_pso,-3.99561,4.81743,0.0514088,4.0356
gen=29_member=276_pso,-5.08972,-0.291895,0.202738,4.52338
gen=29_member=277_pso,-3.70397,1.84443,0.0964625,4.87743
gen=29_member=278_pso,-6.88747,1.95944,0.252002,2.76347
