real_name,x1,x2
gen=55_member=448_pso,-0.0552733,-0.0910027
gen=41_member=10_pso,-0.932684,-0.658126
gen=55_member=426_pso,-0.701779,-0.122184
gen=49_member=247_pso,-0.610181,-0.314648
