real_name,x1,x2
gen=75_member=447_pso,-1.11283,-0.033117
gen=65_member=152_pso,0.0025959,-0.0329497
gen=67_member=192_pso,0.163242,-0.588325
gen=74_member=414_pso,-0.997448,0.0176779
gen=74_member=403_pso,-0.830493,-0.161655
gen=80_member=591_pso,-0.683867,-0.00960306
gen=80_member=581_pso,-0.771758,-0.0139831
gen=80_member=585_pso,-0.703471,-0.00499589
gen=62_member=58_pso,-0.761373,-0.0748756
