generation,member,obj1,obj2,nsga2_front,nsga2_crowding_distance,spea2_unconstrained_fitness,spea2_constrained_fitness,is_feasible,feasible_distance
0,gen=75_member=447_pso,-8.00383,-3.7529,1,1e+30,0.240291,0.240291,1,-999
0,gen=65_member=152_pso,-9.93411,0.0735657,1,1e+30,0.285696,0.285696,1,-999
0,gen=67_member=192_pso,-8.85051,-0.10066,1,0.85904,0.350678,0.350678,1,-999
0,gen=74_member=414_pso,-8.19123,-3.14899,1,0.780767,0.283011,0.283011,1,-999
0,gen=74_member=403_pso,-8.44327,-1.63642,1,0.660196,0.408175,0.408175,1,-999
0,gen=80_member=591_pso,-8.72156,-0.809832,1,0.302883,0.412825,0.412825,1,-999
0,gen=80_member=581_pso,-8.56949,-1.37261,1,0.183388,0.436215,0.436215,1,-999
0,gen=80_member=585_pso,-8.68752,-0.936536,1,0.176805,0.43636,0.43636,1,-999
0,gen=62_member=58_pso,-8.58122,-1.20816,1,0.17511,0.43636,0.43636,1,-999
