real_name,obj1,obj2,obj1_sd,obj2_sd
gen=75_member=447_pso,-8.00383,-3.7529,0,0
gen=65_member=152_pso,-9.93411,0.0735657,0,0
gen=67_member=192_pso,-8.85051,-0.10066,0,0
gen=74_member=414_pso,-8.19123,-3.14899,0,0
gen=74_member=403_pso,-8.44327,-1.63642,0,0
gen=80_member=591_pso,-8.72156,-0.809832,0,0
gen=80_member=581_pso,-8.56949,-1.37261,0,0
gen=80_member=585_pso,-8.68752,-0.936536,0,0
gen=62_member=58_pso,-8.58122,-1.20816,0,0
