real_name,obj1,obj2,obj1_sd,obj2_sd
gen=45_member=123_pso,-8.24954,0.223063,0.0482368,2.28565
gen=45_member=124_pso,-6.18162,2.81943,0.0299091,4.24428
gen=45_member=125_pso,-9.30844,0.0287346,3.04491,4.15776
gen=45_member=126_pso,-9.30884,0.924265,0.104436,0.720909
gen=45_member=127_pso,-7.45799,4.00747,0.568249,4.97258
gen=45_member=128_pso,-5.89418,0.012092,1.10633,4.06003
gen=45_member=129_pso,-6.06067,4.04146,0.0494844,3.83611
gen=45_member=130_pso,-5.12689,0.986807,0.310947,5.19955
gen=45_member=131_pso,-4.4009,0.387697,0.0881464,6.1601
gen=45_member=132_pso,-4.17069,-15.1739,0.751832,10.6385
gen=45_member=133_pso,-9.45549,2.15716,0.205697,0.715086
gen=45_member=134_pso,-6.81044,4.62208,0.0922893,4.03795
gen=45_member=135_pso,-6.65838,1.65129,0.0375918,3.08674
gen=45_member=136_pso,-3.19837,11.7748,0.521242,24.887
gen=45_member=137_pso,-4.13667,-15.2588,0.780805,11.0524
gen=45_member=138_pso,-3.96919,-4.27789,0.109388,6.72069
gen=45_member=139_pso,-5.85564,8.88166,0.0497269,4.09066
gen=45_member=140_pso,-5.05766,-0.0953282,0.138047,4.07841
gen=45_member=141_pso,-6.33892,3.01061,0.236541,4.71896
gen=45_member=142_pso,-4.69395,6.89183,0.399854,7.04884
gen=45_member=143_pso,-6.22521,-0.0306012,0.17883,4.10287
gen=45_member=144_pso,-4.17204,-0.974919,0.0706396,5.96499
gen=45_member=145_pso,-4.3451,-4.32603,0.38996,4.35418
gen=45_member=146_pso,-7.91583,1.00414,0.0503725,3.96114
gen=45_member=147_pso,-7.30808,0.544693,0.0401751,3.13006
gen=45_member=148_pso,-3.31118,2.18853,0.527564,17.6858
gen=45_member=149_pso,-6.49678,9.06199,0.122601,4.57234
gen=45_member=150_pso,-9.52878,0.262912,0.13853,0.976746
gen=45_member=151_pso,-3.51079,-2.99176,0.159645,9.29477
gen=45_member=152_pso,-5.18044,-0.0170914,0.0742178,5.76841
