real_name,obj1,obj2,obj1_sd,obj2_sd
gen=5_member=147_pso,-9.81508,0.188966,0,0
gen=19_member=556_pso,-7.93697,-3.654,0,0
gen=12_member=357_pso,-8.34959,-2.42207,0,0
gen=11_member=328_pso,-8.90203,-0.27136,0,0
gen=0_training=15,-6.30661,-6.98287,0,0
gen=15_member=446_pso,-8.56961,-1.37278,0,0
gen=18_member=531_pso,-8.66975,-0.898147,0,0
