real_name,x1,x2
gen=41_member=3_pso,-3.60467,-0.409206
gen=41_member=4_pso,-1.63836,1.67373
gen=41_member=5_pso,-2.64324,0.415517
gen=41_member=6_pso,-0.826566,-3.35416
gen=41_member=7_pso,-3.92664,0.787641
gen=41_member=8_pso,1.06054,-1.78461
gen=41_member=9_pso,1.65121,-2.44232
gen=41_member=10_pso,-0.932684,-0.658126
gen=41_member=11_pso,-1.74713,-0.284862
gen=41_member=12_pso,3.29515,0.0448221
gen=41_member=13_pso,1.47768,-2.67084
gen=41_member=14_pso,-2.10437,-2.50808
gen=41_member=15_pso,-2.09151,0.295282
gen=41_member=16_pso,-4.84465,-0.888371
gen=41_member=17_pso,1.43143,-3.16087
gen=41_member=18_pso,-1.82366,1.62477
gen=41_member=19_pso,-2.86925,0.989232
gen=41_member=20_pso,-3.26328,-1.52947
gen=41_member=21_pso,-1.48362,0.702821
gen=41_member=22_pso,-0.28263,1.24349
gen=41_member=23_pso,-1.14763,-2.86696
gen=41_member=24_pso,-3.44714,-2.54419
gen=41_member=25_pso,-4.0108,-0.444529
gen=41_member=26_pso,-3.7418,-1.23076
gen=41_member=27_pso,-1.18461,1.01839
gen=41_member=28_pso,-0.511496,-1.94715
gen=41_member=29_pso,-1.95485,2.27883
gen=41_member=30_pso,-0.272957,0.0716278
gen=41_member=31_pso,-0.376631,0.161385
gen=41_member=32_pso,-0.28738,0.786799
