real_name,obj1,obj2,obj1_sd,obj2_sd
gen=49_member=243_pso,-5.72924,0.464397,0.0669127,1.77184
gen=49_member=244_pso,-3.74985,-8.19822,0.156136,8.13307
gen=49_member=245_pso,-5.63724,11.7584,0.102914,4.90022
gen=49_member=246_pso,-5.90834,4.31806,0.056023,3.81364
gen=49_member=247_pso,-8.81623,-1.63843,0.0646566,1.8863
gen=49_member=248_pso,-5.12333,3.11107,0.191116,4.53678
gen=49_member=249_pso,-6.21741,10.326,0.0373606,4.24271
gen=49_member=250_pso,-3.60283,-7.80011,1.06076,9.43309
gen=49_member=251_pso,-3.91081,-4.22683,0.529666,5.54367
gen=49_member=252_pso,-4.18643,-15.1148,0.737377,10.4299
gen=49_member=253_pso,-3.30658,2.26492,0.5328,17.8263
gen=49_member=254_pso,-5.24243,2.18633,1.12536,2.1498
gen=49_member=255_pso,-7.54981,2.13712,0.0598222,3.84523
gen=49_member=256_pso,-5.42373,5.3808,0.0545865,4.41444
gen=49_member=257_pso,-7.52154,-1.75287,0.0378938,1.27735
gen=49_member=258_pso,-5.59831,7.56429,0.172107,2.80111
gen=49_member=259_pso,-7.63498,2.37671,0.93504,5.10851
gen=49_member=260_pso,-7.02379,0.0701988,0.568459,4.13111
gen=49_member=261_pso,-4.11178,-4.24245,0.528249,5.20334
gen=49_member=262_pso,-7.58764,5.98555,0.215531,2.2972
gen=49_member=263_pso,-7.47058,0.891443,0.0615295,0.612616
gen=49_member=264_pso,-3.79328,-7.13233,0.922135,7.57252
gen=49_member=265_pso,-6.47757,0.0798761,0.0496323,2.88394
gen=49_member=266_pso,-7.67098,3.65335,0.0701073,2.93635
gen=49_member=267_pso,-7.36038,1.03357,0.0402686,2.88359
gen=49_member=268_pso,-7.61319,-3.17728,0.0425415,2.24111
gen=49_member=269_pso,-3.00464,0.0238821,4.99188,5.10202
gen=49_member=270_pso,-3.70709,-9.90727,0.17835,8.97078
gen=49_member=271_pso,-4.38114,-2.24758,0.289474,3.65012
gen=49_member=272_pso,-4.1879,-15.1084,0.735979,10.4096
