real_name,x1,x2
gen=5_member=147_pso,-0.0162071,0.0919072
gen=41_member=16_pso,-4.84465,-0.888371
gen=19_member=556_pso,-1.14266,-0.170192
gen=12_member=357_pso,-0.90186,0.00123871
gen=0_training=15,-1.97096,-1.195
gen=41_member=30_pso,-0.272957,0.0716278
gen=41_member=13_pso,1.47768,-2.67084
gen=41_member=10_pso,-0.932684,-0.658126
gen=15_member=446_pso,-0.771692,-0.0136452
gen=18_member=531_pso,-0.711441,0.0570551
gen=11_member=328_pso,-0.580923,0.0265879
gen=41_member=8_pso,1.06054,-1.78461
