real_name,obj1,obj2,obj1_sd,obj2_sd
gen=56_member=453_pso,-5.00391,-0.0422724,0.0519675,2.52601
gen=56_member=454_pso,-7.68392,0.334386,0.0425428,3.33045
gen=56_member=455_pso,-8.42326,-0.972298,0.0419894,1.91636
gen=56_member=456_pso,-6.98278,0.0624237,0.592553,4.18777
gen=56_member=457_pso,-4.27838,1.93386e-05,0.991704,4.05868
gen=56_member=458_pso,-7.09018,1.1204,0.0368955,3.51049
gen=56_member=459_pso,-4.7686,6.19543,0.399139,7.61309
gen=56_member=460_pso,-3.52624,-0.781081,0.377617,11.4723
gen=56_member=461_pso,-3.59588,5.408,0.078672,5.95495
gen=56_member=462_pso,-7.51565,0.450968,0.041497,2.96277
gen=56_member=463_pso,-5.32221,0.345737,0.0531082,4.61149
gen=56_member=464_pso,-9.2981,0.0288667,3.05457,4.15777
gen=56_member=465_pso,-7.40412,1.23092,0.0348319,3.16194
gen=56_member=466_pso,-5.67463,0.0209597,0.707654,5.29895
gen=56_member=467_pso,-5.94635,3.97951,0.0498779,3.765
gen=56_member=468_pso,-4.60623,1.56743,2.52009,2.78351
gen=56_member=469_pso,-6.74696,3.65489,0.0331166,4.32137
gen=56_member=470_pso,-5.18738,7.482,0.192318,2.20827
gen=56_member=471_pso,-5.69436,2.12948,2.25457,3.21245
gen=56_member=472_pso,-5.91249,6.83524,0.132809,3.46775
gen=56_member=473_pso,-4.74365,0.0172503,0.596851,5.00191
gen=56_member=474_pso,-9.11066,0.29595,3.19879,5.52252
gen=56_member=475_pso,-6.61837,1.38222,2.80022,5.26495
gen=56_member=476_pso,-5.37188,10.3188,0.0903237,5.15322
gen=56_member=477_pso,-7.01916,0.51267,0.513652,4.61711
gen=56_member=478_pso,-7.87619,0.498882,0.0481625,2.07363
gen=56_member=479_pso,-1.07529,0.0783229,5.37605,4.59076
gen=56_member=480_pso,-6.84635,4.00941,0.0701021,3.91325
gen=56_member=481_pso,-4.26502,0.470161,0.0803266,6.50104
gen=56_member=482_pso,-6.59238,2.43955,0.415922,2.53312
