real_name,obj1,obj2,obj1_sd,obj2_sd
gen=0_training=26,0.99443,0.0885041,0,0
gen=0_training=17,0.586728,0.999791,0,0
gen=0_training=8,0.763268,0.694295,0,0
gen=0_training=14,0.734973,0.997849,0,0
