real_name,x1,x2
gen=0_training=16,-0.913403,-0.869876
gen=0_training=0,0.191948,0.847301
gen=0_training=34,-0.261382,-0.383293
gen=0_training=25,0.574786,0.150857
