real_name,x1,x2
gen=4_member=158_pso,-0.425118,-0.439545
gen=4_member=159_pso,-1.08693,-1.54508
gen=4_member=160_pso,-0.965887,-0.756787
gen=4_member=161_pso,0.409258,0.20542
gen=4_member=162_pso,0.714662,-1.30052
gen=4_member=163_pso,1.19929,-2.4266
gen=4_member=164_pso,2.0986,-1.37538
gen=4_member=165_pso,1.0244,-2.38201
gen=4_member=166_pso,-1.93178,1.60905
gen=4_member=167_pso,3.51373,1.46581
gen=4_member=168_pso,1.29017,0.476987
gen=4_member=169_pso,1.5976,1.05506
gen=4_member=170_pso,-0.681984,2.00244
gen=4_member=171_pso,-0.258179,-0.661218
gen=4_member=172_pso,-1.77914,-1.8626
gen=4_member=173_pso,0.992247,-0.727911
gen=4_member=174_pso,-1.95071,-2.74114
gen=4_member=175_pso,0.526696,-1.29511
gen=4_member=176_pso,2.11443,1.232
gen=4_member=177_pso,1.04835,-0.447884
gen=4_member=178_pso,-1.01296,-0.307527
gen=4_member=179_pso,-1.77905,0.360508
gen=4_member=180_pso,-2.23278,-0.110111
gen=4_member=181_pso,-2.2611,1.61601
gen=4_member=182_pso,-1.41149,-1.04354
gen=4_member=183_pso,-1.54038,-0.406524
gen=4_member=184_pso,0.465561,-3.67209
gen=4_member=185_pso,1.53902,-1.10898
gen=4_member=186_pso,-0.635651,-2.29208
gen=4_member=187_pso,-0.119953,-0.184932
gen=4_member=188_pso,2.80312,3.58985
gen=4_member=189_pso,-0.438512,-1.40139
gen=4_member=190_pso,0.332418,-1.88921
gen=4_member=191_pso,0.0899443,0.787309
gen=4_member=192_pso,1.21935,-2.34961
gen=4_member=193_pso,3.13328,-2.17014
gen=4_member=194_pso,0.400709,0.391565
gen=4_member=195_pso,0.802796,1.71852
gen=4_member=196_pso,-0.953376,1.3168
gen=4_member=197_pso,-1.63546,-0.465913
gen=4_member=198_pso,1.83514,-0.941861
gen=4_member=199_pso,-0.784862,-2.99245
gen=4_member=200_pso,3.07968,-2.56971
gen=4_member=201_pso,0.461153,-0.106294
gen=4_member=202_pso,-1.2918,0.549446
gen=4_member=203_pso,-0.839654,1.93847
gen=4_member=204_pso,0.209208,0.0632711
gen=4_member=205_pso,0.19196,1.96402
gen=4_member=206_pso,-2.90338,-0.121429
gen=4_member=207_pso,0.796276,1.92177
