real_name,x1,x2
gen=5_member=208_pso,3.25207,1.81115
gen=5_member=209_pso,0.0763003,0.267401
gen=5_member=210_pso,0.0746321,0.562175
gen=5_member=211_pso,-0.981396,0.0679672
gen=5_member=212_pso,-0.765263,-0.393311
gen=5_member=213_pso,-1.8135,-2.0266
gen=5_member=214_pso,-0.327141,-0.599471
gen=5_member=215_pso,-0.106158,-0.484734
gen=5_member=216_pso,1.42869,-1.0082
gen=5_member=217_pso,1.16709,-0.234132
gen=5_member=218_pso,-0.260815,2.55024
gen=5_member=219_pso,1.03906,1.10963
gen=5_member=220_pso,1.6923,-0.991762
gen=5_member=221_pso,2.23254,-0.955479
gen=5_member=222_pso,-2.22402,-0.940903
gen=5_member=223_pso,2.97508,1.12644
gen=5_member=224_pso,-2.00074,-1.5383
gen=5_member=225_pso,-0.119743,0.739833
gen=5_member=226_pso,-0.824059,-0.888765
gen=5_member=227_pso,-1.24877,-0.400654
gen=5_member=228_pso,-0.577157,-0.561612
gen=5_member=229_pso,-0.965222,-1.86136
gen=5_member=230_pso,-1.28933,-0.779865
gen=5_member=231_pso,-1.10411,0.0125545
gen=5_member=232_pso,-0.545061,-1.84214
gen=5_member=233_pso,-0.641093,0.494693
gen=5_member=234_pso,-1.06439,-1.08348
gen=5_member=235_pso,-3.10921,1.24434
gen=5_member=236_pso,0.872572,0.546951
gen=5_member=237_pso,0.251053,-0.447715
gen=5_member=238_pso,2.23943,-0.623769
gen=5_member=239_pso,-0.0997389,-0.0704725
gen=5_member=240_pso,-1.13158,0.706135
gen=5_member=241_pso,0.535978,-0.370039
gen=5_member=242_pso,-0.286911,-0.562213
gen=5_member=243_pso,1.29799,-3.80648
gen=5_member=244_pso,-0.513459,-0.414857
gen=5_member=245_pso,-0.705018,1.40146
gen=5_member=246_pso,-2.28709,0.131691
gen=5_member=247_pso,-1.90247,1.34562
gen=5_member=248_pso,-1.05391,-0.551013
gen=5_member=249_pso,-1.73745,-3.09128
gen=5_member=250_pso,1.24948,-2.85679
gen=5_member=251_pso,0.719812,-1.74237
gen=5_member=252_pso,-3.83399,-0.991594
gen=5_member=253_pso,-1.87568,0.604391
gen=5_member=254_pso,0.3112,1.43043
gen=5_member=255_pso,-0.137714,-1.08279
gen=5_member=256_pso,-1.88709,2.7139
gen=5_member=257_pso,-0.640201,1.6692
