real_name,obj1,obj2,obj1_sd,obj2_sd
gen=0_training=34,0.880799,0.261789,0,0
gen=0_training=25,0.278861,0.907389,0,0
gen=0_training=16,0.993982,0.0667219,0,0
gen=0_training=0,0.248018,0.960224,0,0
