real_name,x1,x2
gen=0_training=8,0.347798,-0.438199
gen=0_training=26,-0.808024,-0.994307
gen=0_training=17,1.14433,1.53927
gen=0_training=14,0.0489079,1.65299
