real_name,x1,x2
gen=1_member=18_pso,-1.2108,-1.93717
gen=0_member=3,0.581404,-0.445164
gen=1_member=4_pso,-0.905526,0.695586
gen=1_member=1_pso,-1.22397,-0.465237
gen=1_member=10_pso,-0.948324,-1.27672
