real_name,x1,x2
gen=2_member=33_pso,0.553031,0.106918
gen=1_member=18_pso,-1.2108,-1.93717
gen=2_member=22_pso,-0.674519,-0.621657
gen=1_member=1_pso,-1.22397,-0.465237
gen=1_member=10_pso,-0.948324,-1.27672
gen=3_member=50_pso,-1.02623,-0.910077
gen=2_member=23_pso,0.231749,-0.996662
gen=3_member=45_pso,-0.44146,-0.985818
