real_name,obj1,obj2
gen=7_member=120_pso,-8.25638,4.86304
gen=7_member=121_pso,-4.9308,2.58634
gen=7_member=122_pso,-8.43384,-0.891534
gen=7_member=123_pso,-5.93993,0.506122
gen=7_member=124_pso,-9.20067,0.939651
gen=7_member=125_pso,-8.34995,-1.64224
gen=7_member=126_pso,-6.55908,-0.148863
gen=7_member=127_pso,-4.93901,4.56139
gen=7_member=128_pso,-8.16454,2.39489
gen=7_member=129_pso,-5.62111,7.29047
gen=7_member=130_pso,-5.27208,1.16047
gen=7_member=131_pso,-8.25532,-1.72167
gen=7_member=132_pso,-4.62546,7.35098
gen=7_member=133_pso,-6.89485,-4.10042
gen=7_member=134_pso,-7.10184,4.04526
gen=7_member=135_pso,-5.07137,4.0133
gen=7_member=136_pso,-8.21439,-2.98467
gen=7_member=137_pso,-8.49679,2.97427
gen=7_member=138_pso,-3.35447,7.04814
gen=7_member=139_pso,-4.80367,3.00687
