real_name,obj1,obj2
gen=11_member=200_pso,-7.15965,3.59304
gen=11_member=201_pso,-6.46346,7.83634
gen=11_member=202_pso,-8.76618,-0.184138
gen=11_member=203_pso,-7.24308,5.69813
gen=11_member=204_pso,-7.98063,-3.31958
gen=11_member=205_pso,-8.43096,3.56343
gen=11_member=206_pso,-8.37036,-1.93059
gen=11_member=207_pso,-7.47511,4.257
gen=11_member=208_pso,-8.90583,-0.18014
gen=11_member=209_pso,-8.17928,-2.4295
gen=11_member=210_pso,-7.61889,-4.19357
gen=11_member=211_pso,-6.13011,-2.10696
gen=11_member=212_pso,-8.62808,-0.263155
gen=11_member=213_pso,-7.87985,-3.48
gen=11_member=214_pso,-7.98545,-2.66084
gen=11_member=215_pso,-8.08792,5.77628
gen=11_member=216_pso,-7.48002,-6.03585
gen=11_member=217_pso,-8.24748,-1.8786
gen=11_member=218_pso,-7.98103,-3.21653
gen=11_member=219_pso,-3.20357,13.686
