real_name,obj1,obj2
gen=13_member=240_pso,-7.90987,-3.63906
gen=13_member=241_pso,-7.09877,-2.58116
gen=13_member=242_pso,-7.06827,-4.16695
gen=13_member=243_pso,-6.82882,-3.64974
gen=13_member=244_pso,-8.13244,-3.05287
gen=13_member=245_pso,-7.91272,-3.62233
gen=13_member=246_pso,-8.75369,-0.344766
gen=13_member=247_pso,-7.62059,-4.47433
gen=13_member=248_pso,-9.48093,0.332658
gen=13_member=249_pso,-8.42855,-1.77576
gen=13_member=250_pso,-7.77551,-4.55731
gen=13_member=251_pso,-7.97016,6.61064
gen=13_member=252_pso,-6.98353,4.05389
gen=13_member=253_pso,-8.79966,-0.280062
gen=13_member=254_pso,-8.51591,3.37257
gen=13_member=255_pso,-6.13903,-1.48197
gen=13_member=256_pso,-9.19045,0.44304
gen=13_member=257_pso,-8.30625,4.63159
gen=13_member=258_pso,-7.44438,-6.82588
gen=13_member=259_pso,-8.32031,-0.107556
