real_name,x1,x2
gen=0_member=9,1.66626,-2.02588
gen=0_member=3,0.581404,-0.445164
gen=0_member=12,0.392766,1.5147
