real_name,obj1,obj2
gen=12_member=220_pso,-7.89357,-2.97998
gen=12_member=221_pso,-7.14346,-5.39066
gen=12_member=222_pso,-7.42358,-4.69938
gen=12_member=223_pso,-8.93989,-0.176618
gen=12_member=224_pso,-6.8729,-3.97096
gen=12_member=225_pso,-6.18103,11.8869
gen=12_member=226_pso,-8.17073,4.40596
gen=12_member=227_pso,-7.82846,-4.15136
gen=12_member=228_pso,-7.70407,-2.68856
gen=12_member=229_pso,-8.80702,-0.27975
gen=12_member=230_pso,-9.31379,0.820743
gen=12_member=231_pso,-6.08445,0.849416
gen=12_member=232_pso,-7.42407,-0.157515
gen=12_member=233_pso,-7.81583,-3.88765
gen=12_member=234_pso,-7.98931,6.19597
gen=12_member=235_pso,-8.63453,-0.180807
gen=12_member=236_pso,-7.83477,-4.20982
gen=12_member=237_pso,-8.429,-0.310616
gen=12_member=238_pso,-6.83128,-1.09903
gen=12_member=239_pso,-7.09687,6.74013
