real_name,obj1,obj2,obj1_sd,obj2_sd
gen=75_member=423_pso,-5.11966,5.71118,0.196747,4.88948
gen=75_member=424_pso,-4.99726,10.7158,0.0471601,5.38648
gen=75_member=425_pso,-6.9734,0.646536,0.0352239,3.07629
gen=75_member=426_pso,-6.42251,4.63172,0.0515985,4.2769
gen=75_member=427_pso,-7.81828,-0.584683,0.0368914,2.33358
gen=75_member=428_pso,-4.79517,2.94646,0.621967,2.20024
gen=75_member=429_pso,-8.42688,-0.337504,0.0944478,0.466742
gen=75_member=430_pso,-4.05299,2.99197,0.0893819,2.61328
gen=75_member=431_pso,-3.48424,0.418704,3.62134,4.46368
gen=75_member=432_pso,-9.74448,0.24885,0.0617397,0.0725081
gen=75_member=433_pso,-9.43351,0.510565,0.06681,0.064191
gen=75_member=434_pso,-8.36184,-0.401723,0.0365245,0.179298
gen=75_member=435_pso,-7.85941,-1.54488,0.0654282,2.37031
gen=75_member=436_pso,-7.6306,1.4842,0.0474439,3.78066
gen=75_member=437_pso,-7.95142,-1.00111,0.0575514,2.49374
gen=75_member=438_pso,-8.97397,1.3164,0.121226,0.313418
gen=75_member=439_pso,-8.07048,1.78997,0.243524,0.57289
gen=75_member=440_pso,-6.03558,10.8315,0.252331,4.62437
gen=75_member=441_pso,-6.63005,3.3801,0.0349813,3.43942
gen=75_member=442_pso,-3.2455,4.58463,2.00246,4.4767
gen=75_member=443_pso,-9.65049,0.33872,0.0629796,0.0695658
gen=75_member=444_pso,-7.37265,-0.492947,0.0596335,0.96452
gen=75_member=445_pso,-7.44142,2.20178,0.153102,0.961018
gen=75_member=446_pso,-5.91872,7.69421,0.733913,2.03861
gen=75_member=447_pso,-7.99587,-3.63041,0.0733425,0.210539
gen=75_member=448_pso,-9.55524,0.311905,0.0605179,0.0616628
gen=75_member=449_pso,-8.87904,0.0998902,0.103927,0.996999
gen=75_member=450_pso,-8.9323,-0.127488,0.160947,0.282356
gen=75_member=451_pso,-4.92376,3.11753,2.20487,3.71327
gen=75_member=452_pso,-8.09232,1.25964,0.0461956,1.63088
