real_name,obj1,obj2,obj1_sd,obj2_sd
gen=65_member=123_pso,-5.22523,0.349242,0.0790461,5.56359
gen=65_member=124_pso,-6.05006,0.790401,0.146205,4.36838
gen=65_member=125_pso,-3.26365,4.59431,1.99019,4.47277
gen=65_member=126_pso,-6.0251,3.3655,0.0546646,3.65688
gen=65_member=127_pso,-5.56883,8.33621,0.175042,2.57157
gen=65_member=128_pso,-5.46109,3.67778,0.0824898,4.26609
gen=65_member=129_pso,-9.09966,0.158692,0.0782435,0.491137
gen=65_member=130_pso,-6.55283,8.41358,0.122714,0.327724
gen=65_member=131_pso,-8.52611,1.3126,0.163378,0.991206
gen=65_member=132_pso,-9.53802,0.537395,0.0832078,0.13038
gen=65_member=133_pso,-9.36248,0.42992,0.0551468,0.12496
gen=65_member=134_pso,-6.36893,2.03178,0.0327373,4.24447
gen=65_member=135_pso,-8.61103,2.079,0.221798,0.590425
gen=65_member=136_pso,-5.32173,1.43019,0.0432662,4.26271
gen=65_member=137_pso,-5.2757,0.993616,0.417571,3.98889
gen=65_member=138_pso,-6.58642,0.569853,0.0499413,3.47716
gen=65_member=139_pso,-8.40723,-0.0870939,0.195942,1.60264
gen=65_member=140_pso,-7.51806,1.50069,0.0319553,2.84422
gen=65_member=141_pso,-6.87415,0.847259,1.98348,3.5885
gen=65_member=142_pso,-3.58794,3.77586,2.45755,4.30692
gen=65_member=143_pso,-6.64014,3.24058,0.0360142,2.54041
gen=65_member=144_pso,-4.84315,2.2678,0.0592157,3.01851
gen=65_member=145_pso,-5.47371,14.5019,0.086783,4.58322
gen=65_member=146_pso,-5.1344,7.38928,0.719928,7.39452
gen=65_member=147_pso,-9.4785,0.454068,0.066311,0.0740488
gen=65_member=148_pso,-8.92456,0.780131,0.0351747,0.0733106
gen=65_member=149_pso,-8.8529,-0.146917,0.0509665,0.0586613
gen=65_member=150_pso,-6.43513,2.45793,0.0433708,4.14878
gen=65_member=151_pso,-9.72143,0.316316,0.0599708,0.0850905
gen=65_member=152_pso,-9.7857,0.220078,0.0589797,0.0596832
