real_name,x1,x2
gen=32_member=330_pso,-2.30831,-2.69112
gen=32_member=331_pso,0.399748,-0.773079
gen=32_member=332_pso,1.43621,1.30226
gen=32_member=333_pso,0.492359,-0.183472
gen=32_member=334_pso,1.55726,0.654794
gen=32_member=335_pso,-0.754568,1.40019
gen=32_member=336_pso,1.08337,1.12312
gen=32_member=337_pso,0.511478,0.0527991
gen=32_member=338_pso,-1.05534,-0.145961
gen=32_member=339_pso,-0.737709,-0.547514
gen=32_member=340_pso,0.27071,0.72835
gen=32_member=341_pso,0.0343329,-0.0836107
gen=32_member=342_pso,1.19809,0.354993
gen=32_member=343_pso,0.125616,-1.86751
gen=32_member=344_pso,0.119064,-0.261405
gen=32_member=345_pso,2.46389,0.581584
gen=32_member=346_pso,0.400496,-1.21919
gen=32_member=347_pso,-0.743478,-1.86686
gen=32_member=348_pso,0.516091,0.221089
gen=32_member=349_pso,-2.66742,0.971094
gen=32_member=350_pso,0.0139876,0.00215109
gen=32_member=351_pso,0.492096,0.373069
gen=32_member=352_pso,1.00213,0.758904
gen=32_member=353_pso,0.379787,-0.915765
gen=32_member=354_pso,1.10739,0.519872
gen=32_member=355_pso,0.683142,-0.380759
gen=32_member=356_pso,0.871268,0.307406
gen=32_member=357_pso,0.268115,0.811787
gen=32_member=358_pso,-0.207839,-0.372358
gen=32_member=359_pso,-0.185817,-0.280105
