real_name,obj1,obj2,obj1_sd,obj2_sd
gen=26_member=150_pso,0.924609,0.45458,0.013737,0.0238862
gen=26_member=151_pso,1.02919,0.936925,0.0370358,0.150181
gen=26_member=152_pso,0.963515,0.042549,0.00558543,0.00734771
gen=26_member=153_pso,0.633284,0.699591,0.006859,0.00742415
gen=26_member=154_pso,0.931633,0.250673,0.00755843,0.00835465
gen=26_member=155_pso,0.955539,0.198712,0.00748114,0.00926796
gen=26_member=156_pso,0.0761171,0.948765,0.0375156,0.0465283
gen=26_member=157_pso,0.514497,0.810785,0.0162419,0.0219883
gen=26_member=158_pso,0.577305,1.02163,0.040405,0.0250329
gen=26_member=159_pso,1.06,1.01109,0.0518046,0.124363
gen=26_member=160_pso,1.0131,0.466967,0.034294,0.0598828
gen=26_member=161_pso,0.853774,1.05852,0.0591509,0.0785634
gen=26_member=162_pso,0.937891,1.01177,0.0149291,0.0424397
gen=26_member=163_pso,0.99217,0.966291,0.016151,0.0459756
gen=26_member=164_pso,1.02385,0.71819,0.0293723,0.0618474
gen=26_member=165_pso,0.999939,1.0339,0.0218346,0.066471
gen=26_member=166_pso,1.12896,1.08947,0.0872784,0.146399
gen=26_member=167_pso,0.980512,0.266305,0.0162014,0.0239693
gen=26_member=168_pso,0.843071,0.444007,0.0104654,0.0165445
gen=26_member=169_pso,1.09545,1.19623,0.134998,0.0784012
gen=26_member=170_pso,1.0032,0.959186,0.0135712,0.111236
gen=26_member=171_pso,0.325396,0.928725,0.0733535,0.0915288
gen=26_member=172_pso,0.886463,0.633778,0.020149,0.0302459
gen=26_member=173_pso,1.02608,0.719921,0.0472367,0.0794814
gen=26_member=174_pso,0.476948,0.970469,0.0286485,0.0204824
gen=26_member=175_pso,0.987859,0.347282,0.0162276,0.024837
gen=26_member=176_pso,1.06282,1.11634,0.0661774,0.139961
gen=26_member=177_pso,0.996133,0.277559,0.0146083,0.0213913
gen=26_member=178_pso,1.02526,1.00303,0.0428216,0.19443
gen=26_member=179_pso,0.992563,1.05537,0.0292445,0.0918645
