real_name,obj1,obj2,obj1_sd,obj2_sd
gen=25_member=120_pso,0.97947,0.0276661,0.0111206,0.0164102
gen=25_member=121_pso,1.01625,0.924921,0.0237791,0.100233
gen=25_member=122_pso,0.84807,1.00307,0.0193272,0.0316444
gen=25_member=123_pso,0.720177,0.545237,0.00867312,0.00911752
gen=25_member=124_pso,0.216871,0.90997,0.042866,0.0526118
gen=25_member=125_pso,1.00129,0.168059,0.0118987,0.0220437
gen=25_member=126_pso,0.289988,1.04678,0.0668457,0.049904
gen=25_member=127_pso,0.408547,0.812567,0.00614634,0.00611509
gen=25_member=128_pso,0.933207,0.125446,0.00481431,0.00504915
gen=25_member=129_pso,0.857298,0.545412,0.0151702,0.021488
gen=25_member=130_pso,1.02284,1.04897,0.0828644,0.173538
gen=25_member=131_pso,1.01805,1.00335,0.0170076,0.0509879
gen=25_member=132_pso,0.180012,0.910831,0.0699246,0.0777727
gen=25_member=133_pso,0.687826,1.05729,0.0904758,0.112271
gen=25_member=134_pso,0.970921,0.969246,0.0257114,0.138267
gen=25_member=135_pso,1.04487,0.909225,0.0442045,0.139581
gen=25_member=136_pso,1.04349,0.97616,0.0975263,0.076415
gen=25_member=137_pso,1.0924,1.11633,0.0620161,0.152977
gen=25_member=138_pso,0.961274,0.438032,0.0515627,0.0859855
gen=25_member=139_pso,0.492991,0.797834,0.00551312,0.00555855
gen=25_member=140_pso,1.11164,1.04489,0.134087,0.0925601
gen=25_member=141_pso,1.01241,0.837247,0.0328721,0.24247
gen=25_member=142_pso,1.0115,0.537737,0.0327873,0.0577737
gen=25_member=143_pso,1.04287,0.733601,0.0456393,0.0975061
gen=25_member=144_pso,0.996766,0.114561,0.0112087,0.0198752
gen=25_member=145_pso,0.808946,0.609189,0.0148331,0.0211485
gen=25_member=146_pso,1.10202,1.10886,0.135707,0.137854
gen=25_member=147_pso,0.836774,0.622806,0.00839099,0.00911807
gen=25_member=148_pso,1.02149,1.11514,0.0279667,0.154103
gen=25_member=149_pso,1.10454,1.03409,0.0597997,0.175335
