real_name,obj1,obj2
gen=0_member=7,1.71533,22.3066
gen=0_member=4,29.3507,0.45771
gen=0_member=16,6.63302,0.967694
gen=0_member=10,4.50472,21.6963
