real_name,x1,x2
gen=0_member=7,1.21794,1.125
gen=0_member=4,-2.3238,-0.97843
gen=0_member=16,-3.11286,-0.0227817
gen=0_member=10,1.32207,-2.73667
