real_name,obj1,obj2
gen=0_member=36,-8.25389,4.89543
gen=0_member=12,-4.44025,-5.65174
gen=0_member=31,-7.47039,0.199689
gen=0_member=43,-5.20539,-4.20512
gen=0_member=27,-6.41989,-3.7197
gen=0_member=18,-7.0972,-2.86174
gen=0_member=34,-6.86025,-2.91623
