real_name,x1,x2
gen=0_member=36,-0.0362582,0.958816
gen=0_member=12,-1.224,-3.87044
gen=0_member=31,0.882049,-1.16116
gen=0_member=43,2.24533,-2.36963
gen=0_member=27,1.79049,-1.30555
gen=0_member=18,-0.957304,-1.42225
gen=0_member=34,-0.674059,1.75951
