real_name,obj1,obj2
gen=0_member=19,0.112516,0.994248
gen=0_member=18,0.987287,0.00797594
gen=0_member=36,0.745688,0.510552
gen=0_member=78,0.471584,0.800687
gen=0_member=34,0.894407,0.306063
gen=0_member=39,0.233688,0.895135
gen=0_member=50,0.146595,0.967403
