real_name,x1,x2
gen=0_member=19,0.729639,1.05186
gen=0_member=18,-0.765844,-0.774619
gen=0_member=36,-0.0290066,-0.20247
gen=0_member=78,-0.0092459,0.353963
gen=0_member=34,-0.539247,-0.12642
gen=0_member=39,0.26978,0.433408
gen=0_member=50,0.32742,0.826938
